{
  "start": {
    "connected": [
      {
        "socket": 5,
        "local_host": "10.110.37.88",
        "local_port": 38484,
        "remote_host": "10.110.39.147",
        "remote_port": 5201
      }
    ],
    "version": "iperf 3.9",
    "system_info": "Linux removed 6.8.0-52-generic #53~22.04.1-Ubuntu SMP PREEMPT_DYNAMIC Wed Jan 15 19:18:46 UTC 2 x86_64",
    "timestamp": {
      "time": "Fri, 07 Mar 2025 11:22:41 GMT",
      "timesecs": 1741346561
    },
    "connecting_to": {
      "host": "10.110.39.147",
      "port": 5201
    },
    "cookie": "ppmvew3annbx2jyd4r2bmf5k7rpfgrok5bm4",
    "sock_bufsize": 0,
    "sndbuf_actual": 212992,
    "rcvbuf_actual": 212992,
    "test_start": {
      "protocol": "UDP",
      "num_streams": 1,
      "blksize": 1448,
      "omit": 0,
      "duration": 10,
      "bytes": 0,
      "blocks": 0,
      "reverse": 1,
      "tos": 0
    }
  },
  "intervals": [
    {
      "streams": [
        {
          "socket": 5,
          "start": 0,
          "end": 1.000096,
          "seconds": 1.0000959634780884,
          "bytes": 12281936,
          "bits_per_second": 98246059.96637715,
          "jitter_ms": 0.07435368415176453,
          "lost_packets": 610,
          "packets": 9092,
          "lost_percent": 6.709194896612407,
          "omitted": false,
          "sender": false
        }
      ],
      "sum": {
        "start": 0,
        "end": 1.000096,
        "seconds": 1.0000959634780884,
        "bytes": 12281936,
        "bits_per_second": 98246059.96637715,
        "jitter_ms": 0.07435368415176453,
        "lost_packets": 610,
        "packets": 9092,
        "lost_percent": 6.709194896612407,
        "omitted": false,
        "sender": false
      }
    },
    {
      "streams": [
        {
          "socket": 5,
          "start": 1.000096,
          "end": 2.000091,
          "seconds": 0.999994993209839,
          "bytes": 13192728,
          "bits_per_second": 105542352.42841172,
          "jitter_ms": 0.06252876551743886,
          "lost_packets": 11,
          "packets": 9122,
          "lost_percent": 0.12058759044069282,
          "omitted": false,
          "sender": false
        }
      ],
      "sum": {
        "start": 1.000096,
        "end": 2.000091,
        "seconds": 0.999994993209839,
        "bytes": 13192728,
        "bits_per_second": 105542352.42841172,
        "jitter_ms": 0.06252876551743886,
        "lost_packets": 11,
        "packets": 9122,
        "lost_percent": 0.12058759044069282,
        "omitted": false,
        "sender": false
      }
    }
  ],
  "end": {
    "streams": [
      {
        "udp": {
          "socket": 5,
          "start": 0,
          "end": 10.05619,
          "seconds": 10.05619,
          "bytes": 142163192,
          "bits_per_second": 113095072.38825041,
          "jitter_ms": 0.0442086652966994,
          "lost_packets": 1826,
          "packets": 98179,
          "lost_percent": 1.8598681999205533,
          "out_of_order": 0,
          "sender": false
        }
      }
    ],
    "sum": {
      "start": 0,
      "end": 10.000104,
      "seconds": 10.000104,
      "bytes": 142163192,
      "bits_per_second": 113095072.38825041,
      "jitter_ms": 0.0442086652966994,
      "lost_packets": 1826,
      "packets": 98179,
      "lost_percent": 1.8598681999205533,
      "sender": false
    },
    "cpu_utilization_percent": {
      "host_total": 7.685865880343694,
      "host_user": 1.32419745593676,
      "host_system": 6.361678360756665,
      "remote_total": 34.1773253284608,
      "remote_user": 3.10250960211806,
      "remote_system": 31.07481572634274
    }
  }
}
